sport,Vilket land vann VM i herrfotboll 2018?,Frankrike,Kroatien,Brasilien,Tyskland
sport,Vilket land har vunnit flest VM-guld i herrfotboll?,Brasilien,Tyskland,Italien,Argentina
sport,Vem gjorde det berömda "Guds hand"-målet 1986?,Diego Maradona,Pelé,Zinedine Zidane,Cristiano Ronaldo
sport,Vilket land vann damernas första VM 1991?,USA,Norge,Tyskland,Sverige
sport,Vad heter arenan där FC Barcelona spelar sina hemmamatcher?,Camp Nou,Santiago Bernabéu,Old Trafford,San Siro
sport,Vem är all time-leading målskytt i Champions League?,Cristiano Ronaldo,Lionel Messi,Robert Lewandowski,Karim Benzema
sport,Vilket svenskt lag har flest SM-guld i herrallsvenskan?,Malmö FF,IFK Göteborg,AIK,IFK Norrköping
sport,Vem vann Ballon d’Or flest gånger fram till 2023?,Lionel Messi,Cristiano Ronaldo,Pelé,Michel Platini
sport,Vem blev världsmästare i fotboll 1958 när VM spelades i Sverige?,Brasilien,Tyskland,Sverige,Argentina
sport,Vem gjorde hattrick i VM-finalen 1966?,Geoff Hurst,Gerd Müller,Pelé,Paolo Rossi
sport,Vem var Sveriges förbundskapten vid VM 1994?,Tommy Svensson,Lars Lagerbäck,Erik Hamrén,Roy Hodgson
sport,I vilket land spelades EM 2021?,Spelades i flera länder,Frankrike,England,Tyskland
sport,Vilken klubb vann Champions League säsongen 1999?,Manchester United,Real Madrid,AC Milan,Juventus
sport,Vad heter arenan där Real Madrid spelar?,Santiago Bernabéu,Camp Nou,Metropolitano,La Cartuja
sport,Vem gjorde flest mål i VM 2002?,Ronaldo,Mirolsav Klose,Thierry Henry,Rivaldo
sport,Vem vann Damernas VM 2019?,USA,Nederländerna,Sverige,Tyskland
sport,Vad heter den största arenan i England?,Wembley,Old Trafford,Emirates,Tottenham Stadium
sport,Vem var förbundskapten för Sveriges damer vid OS 2016?,Pia Sundhage,Thomas Dennerby,Lars Lagerbäck,Peter Gerhardsson
sport,Vilket lag kallas "Gunners"?,Arsenal,Chelsea,Liverpool,Tottenham
sport,Vad heter Italiens största stadion?,San Siro,Stadio Olimpico,Juventus Stadium,San Paolo
sport,Vem var Sveriges målvakt i VM 1994?,Thomas Ravelli,Magnus Hedman,Andreas Isaksson,Rami Shaaban
sport,Vilket land vann EM 1992 i Sverige?,Danmark,Tyskland,Holland,England
sport,Vem vann VM i herrfotboll 2014?,Tyskland,Brasilien,Argentina,Spanien
sport,Vad heter klubben från Dortmund?,Borussia Dortmund,Bayern München,Schalke 04,Hamburg
sport,I vilket land spelades VM 2010?,Sydafrika,Brasilien,Tyskland,Ryssland
sport,Vem gjorde finalmålet för Spanien i VM 2010?,Andrés Iniesta,Fernando Torres,David Villa,Carles Puyol
sport,Vem vann EM 2004?,Grekland,Portugal,Frankrike,Tjeckien
sport,Vem gjorde flest mål i Allsvenskan totalt?,Sven Jonasson,Henrik Larsson,Marcus Berg,Martin Dahlin
sport,Vem vann Champions League 2020?,Bayern München,PSG,Real Madrid,Chelsea
sport,Vilket år spelades första VM i herrfotboll?,1930,1928,1932,1934
sport,Vilket land arrangerade VM 1970?,Mexiko,Argentina,Tyskland,Spanien
sport,Vilket lag vann Allsvenskan 2020?,Malmö FF,AIK,Hammarby,IFK Norrköping
sport,Vem vann skytteligan i VM 2014?,James Rodríguez,Thomas Müller,Lionel Messi,Neymar
sport,Vilket år vann Sverige OS-guld i fotboll?,1948,1952,1936,1956
sport,I vilken stad ligger Stade de France?,Paris,Marseille,Lyon,Nice
sport,Vem gjorde mest mål i VM genom tiderna?,Miroslav Klose,Ronaldo,Pelé,Harry Kane
sport,Vem vann herrarnas VM 2006?,Italien,Frankrike,Tyskland,Spanien
sport,Vilken klubb vann Champions League flest gånger?,Real Madrid,AC Milan,Liverpool,Bayern München
sport,Vilket svenskt lag kallas "Blåvitt"?,IFK Göteborg,AIK,Hammarby,Elfsborg
sport,Vad heter Tysklands nationalarena?,Olympiastadion Berlin,Allianz Arena,Signal Iduna Park,Commerzbank Arena
sport,Vad heter VM-bucklan i fotboll?,Jules Rimet Trophy,FIFA Gold Cup,World Football Cup,Golden Boot
sport,Vem blev känd för uttrycket "han sliter ont" under VM 1994?,Arne Hegerfors,Bengt Grive,Lasse Granqvist,Bo Hansson
sport,Vem gjorde 13 mål i VM 1958?,Just Fontaine,Pelé,Gerd Müller,Ronaldo
sport,Vad heter Sveriges nuvarande nationalarena?,Friends Arena,Råsunda,Ullevi,Stockholms Stadion
sport,Vem gjorde hattrick i VM-finalen 2022?,Kylian Mbappé,Lionel Messi,Olivier Giroud,Neymar
sport,Vad heter Nederländernas spelare känd som "The Flying Dutchman"?,Robin van Persie,Johan Cruyff,Ruud Gullit,Patrick Kluivert
sport,Vad heter turneringen för Sydamerikas landslag?,Copa América,CONCACAF Gold Cup,Afrikanska mästerskapen,Asian Cup
sport,Vad heter den största arenan i världen?,Rungrado 1st of May Stadium,Wembley,Camp Nou,Maracanã
sport,Vem vann damernas VM 2003?,Tyskland,USA,Norge,Kanada
sport,Vem kallas "Zlatan"?,Zlatan Ibrahimović,Henrik Larsson,Marcus Berg,Alexander Isak
sport,Vem vann herrarnas VM 1998?,Frankrike,Brasilien,Tyskland,Argentina
sport,Vem vann EM 2016?,Portugal,Frankrike,Tyskland,Spanien
sport,Vem vann skytteligan i VM 2018?,Harry Kane,Romelu Lukaku,Kylian Mbappé,Cristiano Ronaldo
sport,Vad heter arenan där Manchester United spelar?,Old Trafford,Anfield,Etihad,Stamford Bridge
sport,Vem räddade två straffar i semifinalen 1994 mot Rumänien?,Thomas Ravelli,Andreas Isaksson,Rami Shaaban,Magnus Hedman
sport,Vem vann Champions League 2005?,Liverpool,AC Milan,Barcelona,Real Madrid
sport,Vem vann damernas EM 2022?,England,Tyskland,Norge,Sverige
sport,Vem gjorde vinnarmålet i VM-finalen 2014?,Mario Götze,Lionel Messi,Neymar,Klose
sport,I vilket land spelades VM 1954?,Schweiz,Argentina,Tyskland,Italien
sport,Vem gjorde flest mål i EM-historien?,Cristiano Ronaldo,Michel Platini,Thierry Henry,Ruud van Nistelrooy
sport,Vad heter Italiens landslag i smeknamn?,Gli Azzurri,Oranje,La Roja,Les Bleus
sport,Vem vann Damernas VM 2015?,USA,Tyskland,Sverige,Japan
sport,Vem vann Champions League 2021?,Chelsea,Manchester City,Real Madrid,PSG
sport,Vem vann Ballon d’Or 1995?,George Weah,Roberto Baggio,Ronaldo,Romário
sport,Vem kallas "El Fenómeno"?,Ronaldo,Bebeto,Rivaldo,Romário
sport,Vem vann VM 1978?,Argentina,Nederländerna,Brasilien,Tyskland
sport,Vem vann EM 1988?,Nederländerna,Frankrike,Tyskland,Italien
sport,Vad heter anfallaren som avgjorde mot Italien i EM 2004?,Angelos Charisteas,Theodoros Zagorakis,Nikos Machlas,Stelios Giannakopoulos
sport,Vem vann Champions League 2013?,Bayern München,Borussia Dortmund,Real Madrid,Barcelona
sport,Vem vann skytteligan i VM 1982?,Paolo Rossi,Zico,Gerd Müller,Dino Zoff
sport,Vem kallas "Kung Eric" i Manchester United?,Eric Cantona,David Beckham,Ryan Giggs,Paul Scholes
sport,Vem vann Damernas EM 2017?,Nederländerna,Sverige,Tyskland,England
sport,Vem höll nollan i Champions League-finalen 2010 för Inter?,Júlio César,Iker Casillas,Oliver Kahn,Petr Čech
sport,Vem vann herrarnas VM 1930?,Uruguay,Argentina,Italien,Brasilien
sport,Vem vann EM 2008?,Spanien,Tyskland,Italien,Frankrike
sport,Vem vann skytteligan i VM 1994?,Hristo Stoichkov,Romarío,Jürgen Klinsmann,Bebeto
sport,Vilket land vann Damernas VM 1995?,Norge,USA,Kina,Sverige
sport,Vem vann Champions League 2002?,Real Madrid,Bayer Leverkusen,Barcelona,Juventus
sport,Vem vann herrarnas EM 1968?,Italien,Sovjetunionen,England,Frankrike
sport,Vem vann VM 1986?,Argentina,Västtyskland,Brasilien,Italien
sport,Vad heter Portugals största stjärna som vann EM 2016?,Cristiano Ronaldo,Luis Figo,Rui Costa,Eusebio
sport,Vem gjorde det avgörande målet i VM-finalen 1998?,Emmanuel Petit,Zinedine Zidane,Thierry Henry,Patrick Vieira
sport,Vem vann damernas OS-guld 2008?,USA,Brasilien,Sverige,Tyskland
sport,Vem vann Ballon d’Or 2001?,Michael Owen,Luis Figo,Zidane,Schevchenko
sport,Vem vann Champions League 1994?,AC Milan,Barcelona,Juventus,Porto
sport,Vem vann herrarnas EM 1984?,Frankrike,Spanien,Tyskland,Italien
sport,Vem vann VM 2002?,Brasilien,Tyskland,Italien,Frankrike
sport,Vem vann damernas VM 1999?,USA,Kina,Norge,Tyskland
sport,Vem vann skytteligan i EM 2000?,Patrick Kluivert,Savo Milošević,Thierry Henry,Ruud van Nistelrooy
sport,Vem är Sveriges främsta målgörare genom tiderna?,Zlatan Ibrahimović,Sven Rydell,Henrik Larsson,Thomas Brolin
sport,Vem vann Damernas EM 1997?,Tyskland,Norge,Sverige,Italien
sport,Vem gjorde "panenka-straffen" i EM-finalen 1976?,Antonín Panenka,Franz Beckenbauer,Gerd Müller,Johann Cruyff
sport,Vem vann Champions League 2018?,Real Madrid,Liverpool,Juventus,PSG
sport,Vem vann herrarnas VM 1990?,Västtyskland,Argentina,Brasilien,Italien
sport,Vem vann skytteligan i VM 1966?,Eusébio,Geoff Hurst,Bobby Charlton,Jairzinho
sport,Vem är känd som "Den heliga trion" i Barcelona?,Messi,Suárez & Neymar,Rivaldo,Ronaldinho & Eto’o,Xavi,Iniesta & Busquets
sport,Hur många spelare finns på plan från ett lag när matchen startar?,11,10,9,12
sport,Vad kallas det om en målvakt inte släpper in något mål i en match?,Hålla nollan,Clean pass,Golden shut,Goal guard
sport,Hur långt är avståndet mellan straffpunkten och mållinjen?,11 meter,9 meter,10 meter,13 meter
sport,I vilken stad ligger Friends Arena?,Stockholm,Göteborg,Malmö,Solna
sport,Vad kallas regeln som stoppar spelare från att stå fel vid passning?,Offside,Hands,Frispark,Inkastsregel
sport,Vilken svensk klubb kallas "Bajen"?,Hammarby,AIK,IFK Göteborg,Djurgården
sport,Vad heter det europeiska fotbollsförbundet?,UEFA,FIFA,ECA,IFAB
sport,Från vilket land kommer fotbollsspelaren Eusébio?,Portugal,Brasilien,Spanien,Argentina
sport,Vem var Sveriges förbundskapten för damerna 2022?,Peter Gerhardsson,Pia Sundhage,Thomas Dennerby,Tony Gustavsson
sport,Vad kallas lagen som möts i El Clásico?,Real Madrid och Barcelona,Real Madrid och Atletico,Barcelona och Valencia,Sevilla och Atlético
sport,Vad heter fotbollslandslaget från Nederländerna i smeknamn?,Oranje,Clockwork Orange,The Dutch Lions,The Flying Team
sport,Vilket land arrangerade VM 1950?,Brasilien,Chile,Uruguay,Italien
sport,I vilken stad ligger Anfield?,Liverpool,Manchester,London,Birmingham
sport,Vad heter Englands största rival på landslagsnivå?,Tyskland,Frankrike,Skottland,Spanien
sport,Vad blir det om båda lagen gör lika många mål?,Oavgjort,Matchboll,Delad match,Matchdelning
sport,Vem är Sveriges meste målskytt i landslaget?,Zlatan Ibrahimović,Sven Rydell,Henrik Larsson,Mats Magnusson
sport,Vilket land vann första damernas EM?,Sverige,Tyskland,Norge,Danmark
sport,Vad betyder ordet "hat-trick"?,Tre mål av samma spelare i matchen,Tre olika målskyttar,Tre vinster i rad,Tre skott på mål
sport,Hur lång är speltiden i en vanlig fotbollsmatch (utan tillägg)?,90 minuter,80 minuter,100 minuter,95 minuter
sport,Vilket land vann VM 1930?,Uruguay,Argentina,Brasilien,Italien
sport,Vad kallas Tysklands landslag i smeknamn?,Die Mannschaft,Die Löwen,Die Fussballer,Die Elf
sport,Vem var den första svenska herrspelaren i AC Milan?,Anders Gren,Curtis Boman,Zlatan Ibrahimović,Gunnar Nordahl
sport,Hur många guld har Sverige i OS-fotboll (herr/dam totalt)?,1,2,3,0
sport,Vem är Spaniens meste målskytt genom tiderna?,David Villa,Fernando Torres,Raúl,David Silva
sport,Vad står FIFA för?,Fédération Internationale de Football Association,Federal International Football Association,Football International Federation Agency,Football Youth Association
sport,Vad är maxantalet byten i en match i VM 2022?,5,3,4,6
sport,Vem är världens dyraste spelare efter övergången till PSG 2017?,Neymar,Lionel Messi,Kylian Mbappé,Cristiano Ronaldo
sport,Vem gjorde "Kungens mål" i semifinalen VM 1994 mot Bulgarien?,Kenneth Andersson,Martin Dahlin,Thomas Brolin,Håkan Mild
sport,Vad kallas Brasiliens landslag?,Seleção,Canarinhos,La Verde,Aztecas
sport,Vilket lag kallas "The Reds"?,Liverpool,Manchester United,Arsenal,Chelsea
sport,Vem blev första svenska dam att spela i FC Barcelona?,Caroline Seger,Kosovare Asllani,Fridolina Rolfö,Hanna Ljungberg
sport,Hur många domare används i en Champions League-final idag?,4,5,6,7
sport,Vilken svensk målvakt räddade två straffar mot Rumänien 1994?,Thomas Ravelli,Magnus Hedman,Andreas Isaksson,Rami Shaaban
sport,Vad heter Smeknamnet på Argentinas landslag?,La Albiceleste,Los Gauchos,La Plata,El Blanco
sport,Vem gjorde "Skruvbollen" på frispark i VM 1994?,Thomas Brolin,Kenneth Andersson,Jonas Thern,Henrik Larsson
sport,Hur många länder deltog i VM 2022?,32,24,36,40
sport,Vad är namnet på Sveriges damlandslag i smeknamn?,Blågult,Blåvitt,Svenskorna,Guldlaget
sport,Vilket land kallas "Les Bleus"?,Frankrike,Belgien,Italien,Tyskland
sport,Hur högt är ett fotbollsmål enligt reglerna?,2,44 m,2,20 m,3 m,2 m
sport,Vem blev förbundskapten för Sverige efter Hamrén?,Janne Andersson,Lars Lagerbäck,Tomas Brolin,Pia Sundhage
sport,Vilket land vann första herr-EM 1960?,Sovjetunionen,Frankrike,Tyskland,Tjeckoslovakien
sport,Vem var den yngste målskytten i ett VM?,Pelé,Kylian Mbappé,Michael Owen,Diego Maradona
sport,Vilken svensk spelare fick smeknamnet "Kungen av Rom"?,Gunnar Nordahl,Glenn Strömberg,Anders Svensson,Zlatan Ibrahimović
sport,I vilken stad spelades VM-finalen 1958?,Stockholm,Rio de Janeiro,Mexico City,London
sport,Vem var första svenska damen att spela proffsfotboll i Italien?,Pia Sundhage,Camilla Martinsson,Hanna Ljungberg,Victoria Svensson
sport,Hur många meter är en fullstor fotbollsplan lång?,100–110 meter,80–90,120–140,95–99
sport,Vem var Sveriges förbundskapten vid EM 2004?,Lars Lagerbäck,Tomas Brolin,Erik Hamrén,Jan Andersson
sport,Vilken spelare kallas "Spice Boy"?,David Beckham,Ryan Giggs,Wayne Rooney,Michael Owen
sport,Vad kallas Sveriges herrlandslag?,Blågult,Supertigrarna,The Nordics,Elks
sport,Hur många gånger har Tyskland vunnit VM?,4,2,3,5
sport,Vem är fotbollens "original" Ronaldo?,Ronaldo Luís Nazário,Ronaldinho,Cristiano Ronaldo,Romerio
sport,Vad kallas Sveriges damliga i fotboll?,Damallsvenskan,Elitettan,Dameliten,Svenska Cupen
sport,Vad kallas Sveriges herrliga i fotboll?,Allsvenskan,Svenska Ligan,Superettan,Elitserien
sport,Vem var Lionel Messis första klubb?,Newell’s Old Boys,Boca Juniors,River Plate,Rosario Central
sport,Vad heter arenan i Dortmund?,Signal Iduna Park,Allianz Arena,Weserstadion,RheinEnergieStadion
sport,Vem var Brasiliens superstjärna i VM 1970?,Pelé,Tostão,Rivelino,Zico
sport,Vilken svensk klubb är känd för sin himmelsblå tröja?,Malmö FF,IFK Göteborg,AIK,Örebro
sport,Vem är känd som "Der Kaiser"?,Franz Beckenbauer,Lothar Matthäus,Michael Ballack,Oliver Kahn
sport,Vad betyder ett "gult kort"?,Varning,Utvisning,Frispark,Hörna
sport,Vad heter världens äldsta fotbollsklubb?,Sheffield FC,Manchester United,Notts County,Fulham
sport,Hur många gånger har Sverige arrangerat ett herr-VM?,En,Ingen,Två,Tre
sport,Vem var första svenska damen att vinna Ballon d’Or?,Ingen ännu,Caroline Seger,Nilla Fischer,Hanna Ljungberg
sport,Vad heter den japanska ligan i fotboll?,J-League,K-League,Asian Super League,Nippon League
sport,Vad kallas laget från Manchester i rött?,Manchester United,Arsenal,Liverpool,Manchester City
sport,Vem var Skottlands stjärna under 1980-talet?,Kenny Dalglish,Graeme Souness,Gordon Strachan,Dennis Law
sport,Vem är Spaniens meste landslagsman?,Sergio Ramos,Iker Casillas,Xavi,Iniesta
sport,Hur många mål gjorde Just Fontaine i VM 1958?,13,9,8,11
sport,Vad kallas VM-bucklan i fotboll?,FIFA World Cup Trophy,Jules Rimet Cup,Golden Boot,World Goal Prize
sport,Vem var första målvakten att vinna Ballon d’Or?,Lev Yashin,Neuer,Kahn,Buffon
sport,Hur många SM-guld har Malmö FF (2023)?,23,17,25,21
sport,Vad heter Sveriges damlandslags förbundskapten 2008?,Thomas Dennerby,Pia Sundhage,Marika Domanski,Lars Lagerbäck
sport,Vad betyder VAR?,Video Assistant Referee,Video Analysis Replay,Virtual Assistant Referee,Visual Arbitration Review
sport,Vem vann Damernas VM 2019?,USA,Holland,Tyskland,Sverige
sport,Vem är känd som "El Pibe de Oro"?,Diego Maradona,Lionel Messi,Gabriel Batistuta,Juan Riquelme
sport,Hur många byten tillåts i förlängning i VM?,Ett extra,Samma (5),Två extra,Inga
sport,Vad heter Danmarks största stadion?,Parken,Copenhagen Arena,Odense Stadium,Royal Park
sport,Vem är känd för "Panenka-straffen"?,Antonín Panenka,Michel Platini,Eusébio,Ruud Gullit
sport,Hur stor är en fullstor fotbollsmålbur i bredd?,7,32 meter,6 meter,8 meter,7 meter
sport,Vem är känd som "Den holländska totalfotbollens fader"?,Rinus Michels,Johan Cruyff,Frank Rijkaard,Louis van Gaal
sport,Vad heter Sveriges damallsvenskan-lag från Linköping?,Linköpings FC,Örebro DFF,Umeå IK,Piteå IF
sport,Vem debuterade som 16-årig i Barcelonas A-lag?,Lionel Messi,Andres Iniesta,Pedri,Fati
sport,Vad kallas Sveriges stora fotbollspublik på utlandsresor?,Svenska klacken,Blågula väggen,Svenska lejonen,Supporterklubben
sport,Vem var förbundskapten när Sverige tog brons i VM 1950?,George Raynor,Putte Kock,Lars Arnesson,Tommy Svensson
sport,Vem var Brasiliens stjärna i VM 1982?,Zico,Socrates,Falcao,Jairzinho
sport,Hur många matcher spelas i Allsvenskan per lag?,30,26,20,34
sport,Vad heter damernas Champions League?,UEFA Women’s Champions League,Euro Cup,Super League,Female Cup
sport,Vem var Sveriges bästa målskytt i EM 2004?,Henrik Larsson,Marcus Allbäck,Zlatan Ibrahimović,Anders Svensson
sport,Vem är Englands meste landslagsmålskytt?,Harry Kane,Wayne Rooney,Michael Owen,Alan Shearer
sport,Hur många assist gjorde Kevin De Bruyne i Premier League 2019/20?,20,15,18,22
sport,Vad heter Sveriges största fotbollsarena utanför Stockholm?,Ullevi,Nya Gamla Ullevi,Swedbank Stadion,Eleda Stadion
sport,Vem uppfann fotbollens moderna regler?,Engelsmännen i The Football Association,FIFA,Tyskarna,Spanjorerna
sport,Vad hette Sveriges förbundskapten vid VM 2018?,Janne Andersson,Erik Hamrén,Lars Lagerbäck,Roy Hodgson
sport,Hur många gånger har Sverige gått till semifinal i VM (herr)?,4,3,2,5
sport,Vem gjorde det allra första målet i VM-historien 1930?,Lucien Laurent,José Nasazzi,Guillermo Stábile,Héctor Scarone
sport,Vilket afrikanskt lag var det första att nå kvartsfinal i VM?,Kamerun,Senegal,Nigeria,Ghana
sport,Vem är den enda målvakten som vunnit Ballon d’Or?,Lev Yashin,Oliver Kahn,Iker Casillas,Gianluigi Buffon
sport,Hur många lag deltog i första VM 1930?,13,8,16,12
sport,Vad heter klubben som vann första Champions League (Europacupen) 1956?,Real Madrid,AC Milan,Reims,Benfica
sport,Vem är den yngste spelaren någonsin i ett VM-slutspel?,Norman Whiteside,Pelé,Kylian Mbappé,Samuel Eto’o
sport,Vem är tränaren med flest Champions League-titlar?,Carlo Ancelotti,Bob Paisley,Zinedine Zidane,Pep Guardiola
sport,Vilket land har deltagit i flest VM-slutspel utan att vinna?,Mexiko,Belgien,Nederländerna,Portugal
sport,Vilken svensk klubb spelade Europacupfinalen 1979?,Malmö FF,IFK Göteborg,Hammarby,AIK
sport,Vad heter reglerande organet för fotbollsregler?,IFAB,FIFA,UEFA,AFC
sport,Vem blev förste spelare att göra mål i fyra olika VM?,Pelé,Mirolsav Klose,Uwe Seeler,Cristiano Ronaldo
sport,Vilket land vann OS-guld i fotboll 1920?,Belgien,Storbritannien,Uruguay,Tjeckoslovakien
sport,Vem var förbundskapten för Västtyskland under VM 1974?,Helmut Schön,Sepp Herberger,Jupp Derwall,Berti Vogts
sport,Vad hette första VM-bucklan?,Jules Rimet Trophy,FIFA World Cup,Golden Globe,Futbol Mundial Cup
sport,Vem är yngste Ballon d’Or-vinnaren?,Ronaldo,George Best,Lionel Messi,Michael Owen
sport,Vad heter stadion där första VM-finalen 1930 spelades?,Estadio Centenario,Maracanã,Monumental,River Plate Stadium
sport,Vem är damernas meste landslagsmålskytt genom tiderna?,Christine Sinclair,Marta,Abby Wambach,Birgit Prinz
sport,Vem är Sveriges mesta landslagsman på damsidan?,Caroline Seger,Therese Sjögran,Magdalena Eriksson,Pia Sundhage
sport,Vilket land var först att vinna både herr- och dam-VM?,Tyskland,USA,Brasilien,Norge
sport,Vem var utsett till "Player of the Tournament" i VM 1994?,Romário,Bebeto,Hristo Stoichkov,Roberto Baggio
sport,Vem utsågs till "Player of the Tournament" vid VM 2002?,Oliver Kahn,Ronaldo,Zidane,Rivaldo
sport,Vem var första svensken att göra mål i VM-historien?,Knut Kroon,Gunnar Nordahl,Nisse Liedholm,Henry Andersson
sport,Vem var första kvinnan att göra mål i ett dam-VM (1991)?,Ma Li,Carin Jennings,Heidi Mohr,Linda Medalen
sport,Vem dömde VM-finalen 1958 i Sverige?,Maurice Guigue,Kenneth Aston,Sergio Bustamante,Gottfried Dienst
sport,Vem är yngste lagkapten i en VM-final?,Daniel Passarella,Cafu,Lothar Matthäus,Fernando Hierro
sport,Vad hette Italiens målvaktshjälte i VM 1982?,Dino Zoff,Gianpiero Combi,Walter Zenga,Francesco Toldo
sport,Vem var tränare för Greklands EM-skräll 2004?,Otto Rehhagel,Marcello Lippi,Guus Hiddink,Louis van Gaal
sport,Vem var första spelaren att få rött kort i en VM-final?,Monzón (Argentina 1990),Zidane (2006),Desailly (1998),Materazzi (2006)
sport,Vem är äldste spelare som gjort mål i ett VM?,Roger Milla,Pelé,Mirolsav Klose,Dino Zoff
sport,Vem gjorde flest mål under kvalspelet till VM 2022?,Ali Mabkhout,Lewandowski,Kane,Neymar
sport,Hur många olika nationer har vunnit VM fram till 2022?,8,10,12,7
sport,Vem var kapten för Nederländerna i VM 1974?,Johan Cruyff,Van Hanegem,Ruud Krol,Johan Neeskens
sport,Vem var coach för Brasilien vid "Maracanazo" 1950?,Flavio Costa,Telê Santana,Mário Zagallo,Parreira
sport,Vilket lag vann första upplagan av Allsvenskan 1924/25?,GAIS,IFK Göteborg,AIK,Hammarby
sport,Vem är Allsvenskans mesta målskytt någonsin?,Sven Jonasson,Henrik Larsson,Markus Rosenberg,Anders Svensson
sport,Vem var första damspelaren att nå 200 landskamper?,Kristine Lilly,Therese Sjögran,Caroline Seger,Marta
sport,Vem har flest VM-guld som spelare?,Pelé,Maradona,Cafu,Iniesta
sport,Vem var första spelaren att missa en straff i en VM-final?,Roberto Baggio,Stuart Pearce,David Trezeguet,Johann Neeskens
sport,Hur många gånger har Sverige arrangerat ett officiellt FIFA-mästerskap?,2,1,3,0
sport,Vem gjorde Sveriges första VM-mål någonsin?,Knut Kroon,Gunnar Gren,Anders Svensson,Nisse Liedholm
sport,Vem gjorde det snabbaste målet i VM-historien?,Hakan Şükür,Bryan Robson,Clint Dempsey,Pelé
sport,Var spelades första dam-VM 1991?,Kina,Sverige,Norge,Tyskland
sport,Hur många gånger har Real Madrid vunnit Champions League fram till 2023?,14,13,15,12
sport,Vad kallas fenomenet när en spelare gör tre mål i samma halvlek?,Äkta hattrick,Lyckotrio,Golden three,Tre skott
sport,Vem var första svenska herrmålvakten att hålla nollan i VM?,Sigge Lindberg,Thomas Ravelli,Magnus Hedman,Kalle Svensson
sport,Vem kallas "Kungen av Rom" i Lazio?,Silvio Piola,Giuseppe Signori,Giorgio Chinaglia,Paolo Di Canio
sport,Vem var först att vinna Champions League som både spelare och tränare?,Miguel Muñoz,Giovanni Trapattoni,Zidane,Guardiola
sport,Vad är längsta straffläggningen i VM-historien?,12–11 (Elfenbenskusten–Kamerun U20),9–8,11–10,10–9
sport,I vilket VM infördes gula och röda kort?,1970,1966,1974,1982
sport,Vem var Sveriges förbundskapten när damerna tog VM-silver 2003?,Marika Domanski Lyfors,Pia Sundhage,Thomas Dennerby,Andrée Jeglertz
sport,Vilken klubb kallas "Die Schwarzgelben"?,Borussia Dortmund,Bayern München,Leverkusen,Hamburg
sport,Vem var första damspelaren att vinna priset FIFA World Player of the Year?,Mia Hamm,Birgit Prinz,Marta,Carin Jennings
sport,Vilket land bojkottade VM 1950 efter kontrovers om amatörregler?,Indien,Argentina,Tyskland,Kuba
sport,Vem har flest matcher som domare i VM-historien?,Ravshan Irmatov,Pierluigi Collina,Howard Webb,Nestor Pitana
sport,Vad kallas Spaniens dominansperiod 2008–2012?,La Edad de Oro,El Tiempo de Oro,La Roja Era,La Furia
sport,Vem är yngste spelaren att vinna VM-guld?,Pelé,Kylian Mbappé,Ronaldo,Götze
sport,Vem var Englands tränare under deras hittills enda VM-guld?,Alf Ramsey,Bobby Robson,Don Revie,Brian Clough
sport,Vem var första spelaren att göra mål på Golden Goal i EM?,Laurent Blanc,Oliver Bierhoff,David Trezeguet,Zlatko Zahovic
sport,Hur många lag spelade första EM 1960?,4,8,6,12
sport,Vem var kapten för Sverige under bronsmatchen 1994?,Jonas Thern,Patrik Andersson,Kennet Andersson,Tomas Brolin
sport,Vilket land vann Asian Cup 2019?,Qatar,Japan,Australien,Iran
sport,Vem gjorde avgörande mål i CL-finalen 1997 för Dortmund?,Lars Ricken,Karl-Heinz Riedle,Andreas Möller,Sammer
sport,Vem var förste spelaren att vinna EM och VM två gånger?,Rainer Bonhof,Pelé,Cafu,Zidane
sport,Vem var förste svenska damspelaren som slog in en straff i VM-final?,Carolina Morace,Pia Sundhage,Therese Sjögran,Nilla Fischer
sport,Vem kallas "Der Bomber der Nation"?,Gerd Müller,Jürgen Klinsmann,Rudi Völler,Oliver Bierhoff
sport,Vem var första afrikanska spelaren att vinna Ballon d’Or?,George Weah,Roger Milla,Samuel Eto’o,Didier Drogba
sport,Vem vann UEFA Cupen med Göteborg både 1982 och 1987?,Sven-Göran Eriksson,Tommy Svensson,Roy Hodgson,Lasse Lagerbäck
sport,Vem var målvakten som räddade 4 straffar i en CL-final?,Jerzy Dudek,Oliver Kahn,Edwin van der Sar,Gianluigi Donnarumma
sport,Vem var tränare för Italien vid deras VM-seger 2006?,Marcello Lippi,Arrigo Sacchi,Dino Zoff,Roberto Donadoni
sport,Vad var Diego Maradonas berömda smeknamn?,El Pibe de Oro,El Mago,El Matador,El Genio
sport,Hur många lag deltar i Allsvenskan?,16,14,12,18
sport,Vem blev första svenska spelare att göra mål i en EM-final?,Thomas Brolin,Zlatan Ibrahimović,Henrik Larsson,Martin Dahlin
sport,Vem var Brasiliens kapten i VM 2002?,Cafu,Ronaldo,Rivaldo,Roberto Carlos
sport,Vilket lag slog ut Sverige ur VM 2002?,Senegal,Nigeria,England,Turkiet
sport,Vad hette den jugoslaviska stjärnan kallad "Den lilla sköldpaddan"?,Dragan Džajić,Stjepan Bobek,Dejan Savićević,Safet Sušić
sport,Vem gjorde flest mål i EM 2012?,Fernando Torres,Mario Gómez,Mario Balotelli,Cristiano Ronaldo
sport,Vem var Sveriges första professionella fotbollsproffs utomlands?,Sven Rydell,Gunnar Nordahl,Karl-Erik Palmér,Nisse Liedholm
sport,Vem är Englands meste landslagsman?,Peter Shilton,David Beckham,Wayne Rooney,Steven Gerrard
sport,Vilket land vann Copa América 2021?,Argentina,Brasilien,Chile,Uruguay
sport,Vem gjorde sista målet på Råsunda innan rivningen?,Zlatan Ibrahimović,Anders Svensson,Ola Toivonen,Kim Källström
sport,Vem var Sveriges yngsta EM-spelare?,Alexander Isak,Kennet Andersson,Zlatan Ibrahimović,Kim Källström
sport,Vem gjorde det avgörande målet för Grekland i EM-finalen 2004?,Angelos Charisteas,Theodoros Zagorakis,Dellas,Giannakopoulos
sport,Vem vann skytteligan i Dam-VM 2011?,Homare Sawa,Marta,Abby Wambach,Birgit Prinz
sport,Vem är Argentinas meste målgörare?,Lionel Messi,Diego Maradona,Batistuta,Higuaín
sport,Vem var Sveriges lagkapten vid VM 1958?,Nils Liedholm,Gunnar Gren,Kalle Svensson,Hamrin
sport,Vad kallas Sveriges klassiska bronslag 1994?,Svenska VM-bronslaget,Sommarens hjältar,Gänget från USA,Blågult -94
sport,Vad var VM-maskoten 1966?,Willie the Lion,Naranjito,Footix,Zakumi
sport,Vem var tränare för Spanien under deras EM-guld 2008?,Luis Aragonés,Vicente del Bosque,Javier Clemente,Iñaki Sáez
sport,Vem gjorde flest mål i ett enskilt EM 1984?,Michel Platini,Zidane,Van Basten,Shearer
sport,Vad heter Afrikas största stadion där finalen i VM 2010 spelades?,Soccer City,FNB Stadium,Cape Town Arena,Durban Stadium
sport,Vem gjorde Englands vinnarmål i VM-finalen 1966?,Geoff Hurst,Bobby Charlton,Martin Peters,Alan Ball
sport,Vem var första svenska spelaren att vinna Europacupen/Champions League?,Kurt Hamrin,Nils Liedholm,Gunnar Nordahl,Henrik Larsson
sport,Vem var förbundskapten för Sverige under OS-guldet 1948?,George Raynor,Putte Kock,Arvid Emanuelsson,Lennart Nyman
sport,Vilket lag var först att vinna VM utanför sin egen kontinent?,Brasilien (1958),Uruguay (1930),Italien (1934),Tyskland (1974)
sport,Vem var lagkapten för IFK Göteborg när de vann UEFA-cupen 1982?,Glenn Hysén,Torbjörn Nilsson,Stig Fredriksson,Glenn Strömberg
sport,Hur många minuter lång var den längsta förlängningen i VM-historien?,36 minuter,44 minuter,30 minuter,50 minuter
sport,Hur många gånger har Norge vunnit damernas VM?,1,2,3,0
sport,Vem var första spelaren att göra självmål i en VM-final?,Mario Mandzukic,Andrés Escobar,Carles Puyol,Lúcio
sport,Vem är enda målvakten som har gjort mål i Champions League?,Hans-Jörg Butt,Andreas Isaksson,Manuel Neuer,Petr Čech
sport,Vilket lag blev första asiatiska land att nå semifinal i VM?,Sydkorea,Japan,Kina,Saudiarabien
sport,Vilka två städer delade på värdskapet för första EM 1960?,Paris & Marseille,Rom & Milano,Vienna & Bern,Hamburg & Köln
sport,Vem är yngsta svenska spelaren att debutera i Allsvenskan?,Nicklas Bärkroth,Alexander Isak,Anders Svensson,Henrik Larsson
sport,Hur många länder kvalificerade sig till VM 1954?,16,12,20,24
sport,Vem kallas "Mister Champions League"?,Cristiano Ronaldo,Ruud van Nistelrooy,Iker Casillas,Shevchenko
sport,Hur många mål gjorde Torbjörn Nilsson i UEFA-cupen 1982?,9,7,6,10
sport,Vem var förste spelaren att göra mål i två olika VM-finaler?,Vavá,Pelé,Müller,Zidane
sport,Vem utsågs till bästa unga spelare i VM 2006?,Lukas Podolski,Cristiano Ronaldo,Lionel Messi,Franck Ribéry
sport,Vem var Sveriges förbundskapten vid EM 1992?,Tommy Svensson,Olle Nordin,Lars Lagerbäck,Georg Ericson
sport,Vad heter Chilens stjärna som avgjorde mot Italien i VM 1962 i "Slaget om Santiago"?,Ramírez,Jaime Ramírez,Leonel Sánchez,Elias Figueroa
sport,Hur många länder har vunnit både OS- och VM-guld i herrfotboll?,4,5,3,2
sport,Vem gjorde Englands första mål i VM-historien?,Stanley Matthews,Stan Mortensen,Jimmy Greaves,Raine Carter
sport,Vem kallas "Den svarte spindeln"?,Lev Yashin,Thomas N'Kono,Sepp Maier,Dida
sport,I vilken stad spelades första dam-EM-finalen 1984?,Luton,Rotterdam,Göteborg,Oslo
sport,Vem vann skytteligan i Allsvenskan flest gånger?,Filip Johansson,Gunnar Nordahl,Torbjörn Nilsson,Marcus Berg
sport,Vilket år avskaffades Golden Goal-regeln i internationell fotboll?,2004,2002,2006,2000
sport,Vem var tränare för Danmark vid EM-sensationen 1992?,Richard Møller Nielsen,Sepp Piontek,Morten Olsen,Laurids Lauridsen
sport,Vad heter matchen där Chile och Italien slogs 1962?,Slaget om Santiago,Blodet i Bern,Bataljen i Basel,Slaget i Turin
sport,Hur många mål gjorde Just Fontaine i VM 1958?,13,11,10,14
sport,Vad hette kvinnliga fotbollsklubben som dominerade Sverige på 2000-talet?,Umeå IK,Linköping FC,Tyresö FF,Göteborg FC
sport,Vem är Italiens meste landslagsman?,Gianluigi Buffon,Paolo Maldini,Andrea Pirlo,Francesco Totti
sport,Vad hette Brasiliens tränare vid VM 1970?,Mario Zagallo,Vicente Feola,Tele Santana,Lula
sport,Vem är yngsta målskytten i EM-historien?,Johan Vonlanthen,Wayne Rooney,Kylian Mbappé,Michael Owen
sport,Vad heter Sveriges damlandslag i fotboll på smeknamn?,Blågult,De blå stolta,Supertjejerna,Svenskorna
sport,Vilket var första afrikanska landet som deltog i VM?,Egypten (1934),Nigeria (1950),Marocko (1954),Kamerun (1958)
sport,Vem var första svenska dam att göra mål i ett VM?,Lena Videkull,Pia Sundhage,Caroline Seger,Hanna Ljungberg
sport,Hur många matcher i rad vann Brasilien i VM 2002?,7,6,8,5
sport,Vilket lag har flest FA-cuptitlar?,Arsenal,Manchester United,Chelsea,Liverpool
sport,Vem gjorde sista målet på gamla Wembley Stadium 2000?,Tony Adams,Paul Scholes,David Beckham,Dietmar Hamann
sport,Vad heter mest kända supporterkulturen i Argentina?,La 12,Barras Bravas,Ultras,Torcida
sport,Vem var Sveriges första kvinnliga förbundskapten?,Marika Domanski Lyfors,Pia Sundhage,Elisabeth Leidinge,Katarina Frostenson
sport,Vem var maskot för VM 1970?,Juanito,Willie,Naranjito,Tip & Tap
sport,Vad kallas Manchester Uniteds berömda ungdomskull från 1990-talet?,Class of ’92,The Dream Team,The Devils,Golden Era
sport,Vem var domare i VM-finalen 1966?,Gottfried Dienst,Ken Aston,Hugh Dallas,John Silva
sport,I vilken stad spelades EM-finalen 1992 mellan Tyskland och Danmark?,Göteborg,Stockholm,Köpenhamn,München
sport,Vad heter Sydamerikas äldsta landslagsturnering?,Copa América,Libertadores,CONMEBOL Cup,Panamerican Cup
sport,Vem var förste damspelare med 100 landskampsmål?,Mia Hamm,Birgit Prinz,Michelle Akers,Abby Wambach
sport,Vem kallas "Black Panther"?,Eusébio,Roger Milla,Paul Pogba,George Weah
sport,Vem gjorde Sveriges sista mål i VM 2018?,Andreas Granqvist,Emil Forsberg,Marcus Berg,Viktor Claesson
sport,Hur många gånger har Sverige deltagit i herrarnas VM fram till 2022?,12,9,10,11
sport,Vilket lag vann den första upplagan av Damallsvenskan 1988?,Öxabäck IF,Umeå IK,Linköping,Piteå
sport,Vem gjorde Sveriges första mål i Fotbolls-VM 1994 i USA?,Joachim Björklund,Thomas Brolin,Anders Limpar,Kennet Andersson
sport,Vad blev slutresultatet i Sveriges öppningsmatch i VM 1994 mot Kamerun?,2-2,1-1,3-3,0-0
sport,Vem assisterade till Thomas Brolins mål mot Kamerun i VM 1994?,Martin Dahlin,Kennet Andersson,Jonas Thern,Stefan Schwarz
sport,Vem kommenterade Sveriges öppningsmatch i VM 1994 i SVT?,Arne Hegerfors,Lasse Kinch,Bo Hansson,Göran Zachrisson
sport,Vem gjorde Sveriges mål mot Brasilien i gruppspelet i VM 1994?,Roger Ljung,Håkan Mild,Kennet Andersson,Jonas Thern
sport,Vad blev slutresultatet mellan Sverige och Brasilien i gruppspelet i VM 1994?,1-1,0-1,2-2,2-1
sport,Vem var Sveriges lagkapten under VM 1994 i USA?,Jonas Thern,Thomas Ravelli,Stefan Schwarz,Glenn Hysén
sport,Vem fick rött kort för Sverige i semifinalen i VM 1994 mot Brasilien?,Jonas Thern,Stefan Schwarz,Håkan Mild,Kennet Andersson
sport,Vem gjorde Sveriges två mål i kvartsfinalen mot Rumänien i VM 1994?,Kennet Andersson & Thomas Brolin,Martin Dahlin & Jonas Thern,Patrik Andersson & Ingesson,Håkan Mild & Schwarz
sport,Vad hette Rumäniens målvakt i kvartsfinalens straffläggning mot Sverige i VM 1994?,Florin Prunea,Bogdan Stelea,Silviu Lung,Cosmin Contra
sport,Hur många straffar räddade Thomas Ravelli i kvartsfinalen i VM 1994?,2,1,3,0
sport,Vem blev hjälte när Sverige vann straffläggningen mot Rumänien i VM 1994?,Thomas Ravelli,Kennet Andersson,Thomas Brolin,Jonas Thern
sport,Vem gjorde mål i bronsmatchen för Sverige mot Bulgarien i VM 1994?,Kennet Andersson & Tomas Brolin,Håkan Mild & Martin Dahlin,Patrik Andersson & Ingesson,Jonas Thern & Schwarz
sport,Vad blev slutresultatet i bronsmatchen mellan Sverige och Bulgarien i VM 1994?,4-0,3-1,2-0,4-1
sport,Vem vann skytteligan i herrarnas VM 1994?,Hristo Stoichkov & Oleg Salenko,Bebeto,Romário,Jürgen Klinsmann
sport,Vem utsågs till turneringens bästa spelare i VM 1994?,Romário,Hristo Stoichkov,Roberto Baggio,Thomas Brolin
sport,Vem vann guldskon som bäste målvakt i VM 1994?,Michel Preud’homme,Cláudio Taffarel,Thomas Ravelli,Bodo Illgner
sport,Vem gjorde det avgörande målet i semifinalen mellan Italien och Bulgarien i VM 1994?,Roberto Baggio,Hristo Stoichkov,Bebeto,Roger Ljung
sport,Vad hette Bulgariens tränare under VM 1994?,Dimitar Penev,Stoichkov,Christo Bonev,Dragomir Okuka
sport,Hur många mål släppte Sverige in under hela VM 1994?,8,6,7,9
sport,Mot vilket lag spelade Sverige 2–2 i öppningsmatchen i VM 1994?,Kamerun,Nigeria,Saudiarabien,Marocko
sport,I vilken amerikansk stad spelade Sverige sin semifinal i VM 1994?,Pasadena,Boston,San Francisco,Washington
sport,Vad blev slutresultatet i finalen mellan Brasilien och Italien i VM 1994?,0-0 (Brasil vinner på straffar),1-0,2-1,1-1
sport,Vem missade den avgörande straffen i finalen i VM 1994?,Roberto Baggio,Franco Baresi,Romário,Mauro Silva
sport,Vilket lag slog ut Tyskland i kvartsfinalen i VM 1994?,Bulgarien,Rumänien,Italien,Nigeria
sport,Hur många matcher vann Sverige under VM 1994?,3,2,4,5
sport,Vad blev Sveriges största seger i VM 1994?,4-0 mot Bulgarien,3-1 mot Saudiarabien,2-1 mot Rumänien,2-1 mot Kamerun
sport,Vem gjorde Sveriges mål mot Saudiarabien i åttondelen av VM 1994?,Martin Dahlin & Kennet Andersson,Brolin & Schwarz,Thörn & Ravelli,Ljung & Mild
sport,Vilket lag gjorde flest mål i hela VM 1994?,Sverige,Brasilien,Italien,Bulgarien
sport,I vilket grupp placerades Sverige i VM 1994?,Grupp B,Grupp A,Grupp C,Grupp D
sport,Vem startade som Sveriges förstemålvakt i VM 1994?,Thomas Ravelli,Magnus Hedman,Andreas Isaksson,Rami Shaaban
sport,Vem var Sveriges förbundskapten i VM 1994?,Tommy Svensson,Lars Lagerbäck,Olle Nordin,Roy Hodgson
sport,Vad hette arenan där finalen i VM 1994 spelades?,Rose Bowl,Giants Stadium,Orange Bowl,Cotton Bowl
sport,Vem vann bronsmatchens skytteliga för Sverige med 5 mål i VM 1994?,Kennet Andersson,Martin Dahlin,Thomas Brolin,Håkan Mild
sport,Vem gjorde flest assist för Sverige under VM 1994?,Jonas Thern,Thomas Brolin,Martin Dahlin,Patrik Andersson
sport,Vem var Sveriges yngsta spelare i truppen i VM 1994?,Henrik Larsson,Joachim Björklund,Kenneth Andersson,Klas Ingesson
sport,Vem ledde gruppen som Sverige spelade i VM 1994?,Brasilien,Nigeria,Kroatien,Tyskland
sport,Vem gjorde flest mål för Sverige under VM 1994?,Kennet Andersson,Martin Dahlin,Thomas Brolin,Håkan Mild
sport,Vem gjorde Sveriges sista mål i VM 1994?,Kenneth Andersson,Thomas Brolin,Martin Dahlin,Patrik Andersson
sport,Mot vilket lag spelade Sverige 2–2 i gruppspelet i VM 1994?,Kamerun,Nigeria,Saudiarabien,Kroatien
sport,Vem vann guldhandsken som bästa målvakt i hela VM 1994?,Michel Preud’homme,Thomas Ravelli,Claudio Taffarel,Bodo Illgner
sport,Vem vann brons i VM 1994?,Sverige,Bulgarien,Rumänien,Argentina
sport,Vem vann silver i VM 1994?,Italien,Brasilien,Sverige,Bulgarien
sport,Vem vann guld i VM 1994?,Brasilien,Italien,Sverige,Bulgarien
sport,Vilka länder stod för de två stora skrällarna i kvartsfinalerna i VM 1994?,Bulgarien & Sverige,Rumänien & Sverige,Kroatien & Bulgarien,Nigeria & Sverige
sport,Vem blev utsedd till Sveriges bästa spelare i VM 1994?,Tomas Brolin,Thomas Ravelli,Kennet Andersson,Jonas Thern
sport,Hur många mål gjorde Sverige totalt i VM 1994?,15,11,13,17
sport,Vem var Sveriges assisterande förbundskapten i VM 1994?,Lars Lagerbäck,Roy Hodgson,Olle Nordin,Stuart Baxter
sport,Vem gjorde Sveriges första mål i åttondelsfinalen mot Saudiarabien i VM 1994?,Kennet Andersson,Martin Dahlin,Thomas Brolin,Håkan Mild
sport,Vem debuterade i ett VM för Sverige som anfallare 1994?,Henrik Larsson,Marcus Allbäck,Anders Svensson,Olof Mellberg
sport,Vilket lag vann den allra första upplagan av Allsvenskan 1924/25?,GAIS,IFK Göteborg,AIK,Hammarby
sport,Vem är meste målskytt i Allsvenskan genom tiderna?,Sven Jonasson,Henrik Larsson,Markus Rosenberg,Anders Svensson
sport,Vem var första utländska spelare att vinna skytteligan i Allsvenskan?,Torbjörn Nilsson,Stefan Pettersson,Arne Pahlman,Aleksandar Prijovic
sport,Vilket lag har flest SM-guld i Allsvenskans historia?,Malmö FF,IFK Göteborg,AIK,IFK Norrköping
sport,Vad kallas IFK Göteborgs klassiska segerår 1982 och 1987?,UEFA-cup triumferna,Stjärnår,Blåvita åren,Europaåret
sport,Vem gjorde flest matcher i Allsvenskan totalt?,Sven Andersson,Anders Svensson,Magnus Hedman,Thomas Ravelli
sport,Hur många klubbar har totalt deltagit i herrarnas Allsvenskan (1924–2023)?,66,70,58,62
sport,Vem är den yngste målskytten i Allsvenskans historia?,Nicklas Bärkroth,Alexander Isak,Henrik Larsson,Simon Hedlund
sport,Vilket år infördes trepoängssystemet i Allsvenskan?,1990,1991,1988,1992
sport,Vilkets lags supportrar kallas "Bajenfansen" i Allsvenskan?,Hammarby,AIK,IFK Göteborg,Djurgården
sport,Vem gjorde flest mål under en och samma Allsvenskan-säsong?,Filip Johansson,Henrik Larsson,Anders Andersson,Marcus Berg
sport,Vem blev första målvakten att göra mål i Allsvenskan?,Kristoffer Björklund,John Alvbåge,Eddie Gustafsson,Ronnie Hellström
sport,Vad heter derbyt mellan AIK och Djurgården i Allsvenskan?,Tvillingderbyt,Stockholmsderbyt,Söderderbyt,Solnaderbyt
sport,Vilket lag vann Allsvenskan 2009?,AIK,IFK Göteborg,Malmö FF,Djurgården
sport,Hur många gånger har Hammarby IF vunnit Allsvenskan (2023)?,1,2,3,0
sport,Vad heter arenan som Malmö FF spelar sina hemmamatcher på i Allsvenskan?,Eleda Stadion,Ullevi,Råsunda,Nya Gamla Ullevi
sport,Vem blev utsedd till Allsvenskans bästa mittfältare 2019?,Anders Christiansen,Anders Svensson,Simon Thern,Erik Israelsson
sport,Hur många gånger har Djurgårdens IF vunnit Allsvenskan?,12,8,10,14
sport,Vem var tränare för IFK Göteborg vid SM-guldet 2007?,Jonas Olsson,Sören Cratz,Bengt-Åke Bengtsson,Stefan Lundin
sport,Hur många matcher per lag spelas under en säsong i Allsvenskan?,30,26,34,20
sport,Vem är Hammarbys främste målskytt genom tiderna i Allsvenskan?,Kennedy Bakircioglü,Nacka Skoglund,Alexander Kacaniklic,Paulinho
sport,Vad kallas IF Elfsborgs hemma-arena i Allsvenskan?,Borås Arena,Olympia,Eleda Stadion,Tele2 Arena
sport,Vem var AIKs tränare när klubben vann SM-guld 2018?,Rikard Norling,Stuart Baxter,Andreas Alm,Ola Andersson
sport,Vem var första spelaren att vinna Guldbollen två gånger medan han spelade i Allsvenskan?,Kurre Hamrin,Gunnar Gren,Sven Rydell,Kent Bergmark
sport,Hur många allsvenska guld har IFK Göteborg (2023)?,18,14,16,20
sport,Vem var Allsvenskans skyttekung 1994?,Jesper Blomqvist,Niklas Gudmundsson,Kennet Andersson,Magnus Erlingmark
sport,Vilket år avskaffades slutspelssystemet i Allsvenskan?,1992,1990,1989,1991
sport,Vem har rekordet för flesta matcher i rad i Allsvenskan?,Sven Andersson,Anders Svensson,Rami Shaaban,Jonas Thern
sport,Vem vann Allsvenskan 1985?,Örgryte IS,IFK Göteborg,Malmö FF,AIK
sport,Vad heter Helsingborgs IF:s hemmaarena i Allsvenskan?,Olympia,Strömvallen,Borås Arena,Eleda Stadion
sport,Vem var tränare när Malmö FF tog sig till Champions League 2014?,Åge Hareide,Jon Dahl Tomasson,Tom Prahl,Henning Berg
sport,Vem var tränare för Halmstads BK när de vann 1997?,Tom Prahl,Stuart Baxter,Jan Andersson,Göran Göransson
sport,Vem är Allsvenskans meste utvisade spelare?,Richard Henriksson,Andreas Granqvist,Stefan Schwarz,Daniel Andersson
sport,Hur många Stockholmslag spelade Allsvenskan 2002?,4,3,2,5
sport,Vem gjorde det allra första målet i Allsvenskans historia 1924?,Robert Zander,Harry Lundahl,Filip Johansson,Gunnar Olsson
sport,Hur många år i rad vann IFK Göteborg Allsvenskan mellan 1993–1996?,4,3,2,5
sport,Vilket lag var senast nykomling i Allsvenskan 2023?,IF Brommapojkarna,Halmstads BK,Degerfors,Östers IF
sport,Hur många gånger har Östers IF vunnit Allsvenskan?,4,3,5,2
sport,Vilket lag var först att spela på konstgräs i Allsvenskan?,Hammarby,GAIS,IFK Göteborg,Gefle IF
sport,Vem vann skytteligan i Allsvenskan 2002?,Andreas Andersson,Henrik Larsson,Afonso Alves,Zlatan Ibrahimović
sport,Vad kallas IFK Norrköpings hemmaarena?,PlatinumCars Arena (Idrottsparken),Parken,Eleda,Stadion
sport,Vem vann Allsvenskans mest värdefulle spelare 2019?,Anders Christiansen,Kristoffer Olsson,Chris Eriksson,Paulus Arajuuri
sport,Vem var tränare när Djurgården vann sitt senaste guld 2019?,Kim Bergstrand & Thomas Lagerlöf,Anders Grönhagen,Stefan Alvén,Tomas Brolin
sport,Vem var Allsvenskans bästa målvakt 2015?,Patrik Carlgren,Robin Olsen,Andreas Isaksson,John Alvbåge
sport,Hur många gånger har GAIS vunnit Allsvenskan?,4,3,2,5
sport,Vem vann publikligan i Allsvenskan 2022?,Hammarby,AIK,IFK Göteborg,Malmö FF
sport,Vad heter derbyt mellan Malmö FF och Helsingborgs IF?,Skånederbyt,Sydsverigederbyt,E6-derbyt,Skåneträffen
sport,Vem vann Allsvenskans skytteliga 2018?,Paulinho,Markus Rosenberg,Henok Goitom,Mohammed Buya Turay
sport,Vem var tränare när Östersund debuterade i Allsvenskan 2016?,Graham Potter,Andreas Pettersson,Per-Joar Hansen,Hans Eklund
sport,Vem vann Allsvenskans skytteliga 2007?,Marcus Berg,Afonso Alves,Henrik Larsson,Djurgården
sport,Vem var Sveriges lagkapten i VM 1958?,Nils Liedholm,Gunnar Gren,Orvar Bergmark,Hamrin
sport,I vilken stad spelades VM-finalen 1958 där Sverige mötte Brasilien?,Stockholm,Solna,Göteborg,Malmö
sport,Vem var Sveriges förbundskapten vid EM 2000?,Lars Lagerbäck & Tommy Söderberg,Lars Lagerbäck ensam,Tommy Svensson,Olle Nordin
sport,Vem gjorde Sveriges mål i kvartsfinalen mot Tyskland i VM 1938?,Torbjörn Jonsson,Sven Jonasson,Knut Kroon,Anders Svensson
sport,Vem coachade Sveriges landslag i OS-guldet 1948?,George Raynor,Putte Kock,Lennart Nyman,Arvid Emanuelsson
sport,Vem var Sveriges målvakt i VM 1974?,Ronnie Hellström,Thomas Ravelli,Kalle Svensson,Rami Shaaban
sport,Vem gjorde segermålet mot England i gruppspelet i EM 1992?,Tomas Brolin,Kennet Andersson,Martin Dahlin,Jonas Thern
sport,Vem var Sveriges målvakt under VM-brons 1950?,Kalle Svensson,Thomas Ravelli,Ronnie Hellström,Sven Andersson
sport,Hur många gånger har Sveriges damer vunnit EM?,1,2,3,0
sport,I vilket land tog Sveriges damer EM-guld 1984?,England,Sverige,Norge,Danmark
sport,Vem gjorde Sveriges första mål i sitt första EM (1992)?,Jan Eriksson,Tomas Brolin,Kennet Andersson,Martin Dahlin
sport,Vem missade straff för Sverige mot Brasilien i VM 1978?,Ralf Edström,Gunnar Gren,Thomas Ravelli,Kennet Andersson
sport,Vem gjorde Sveriges två mål i 2–2 matchen mot England i EM 2012?,Olof Mellberg,Zlatan Ibrahimović,Anders Svensson,Elmander
sport,Vem gjorde Sveriges mål i åttondelsfinalen mot Schweiz i VM 2018?,Emil Forsberg,Marcus Berg,Victor Claesson,Albin Ekdal
sport,Vem blev Sveriges förste målskytt i VM-historien 1934?,Knut Kroon,Gunnar Gren,Nils Liedholm,Sven Rydell
sport,Vad blev Sveriges bästa placering i ett dam-VM fram till 2023?,Silver 2003,Brons 1995,Guld 1991,Brons 2019
sport,Vem var förbundskapten för Sverige under VM 2006?,Lars Lagerbäck,Tommy Söderberg,Janne Andersson,Erik Hamrén
sport,Vem var Sveriges lagkapten när damerna tog VM-silver 2003?,Victoria Svensson,Hanna Ljungberg,Pia Sundhage,Caroline Seger
sport,Vem gjorde Sveriges mål mot Italien i EM 2004?,Zlatan Ibrahimović,Henrik Larsson,Marcus Allbäck,Olof Mellberg
sport,Hur många gånger har Sverige varit i semifinal i herrarnas VM?,4,3,2,5
sport,Vem var förbundskapten i Sveriges EM 2016?,Erik Hamrén,Janne Andersson,Lars Lagerbäck,Tommy Söderberg
sport,Vem gjorde det avgörande straffmålet mot Nederländerna i damernas EM 1984?,Pia Sundhage,Anette Börjesson,Hanna Ljungberg,Lena Videkull
sport,Vem gjorde Sveriges mål mot Argentina i VM 2002?,Anders Svensson,Marcus Allbäck,Zlatan Ibrahimović,Henrik Larsson
sport,Vem gjorde Sveriges mål i kvartsfinalen mot England i VM 2018?,Ingen (0-2),Emil Forsberg,Albin Ekdal,Marcus Berg
sport,Vem gjorde Sveriges mål mot Nigeria i OS 2016 damer?,Nilla Fischer,Stina Blackstenius,Caroline Seger,Sofia Jakobsson
sport,Vem var Sveriges målvakt i bronsmatchen i VM 1994?,Thomas Ravelli,Magnus Hedman,Andreas Isaksson,Rami Shaaban
sport,Vem gjorde Sveriges mål mot Kanada i OS-finalen 2021?,Stina Blackstenius,Caroline Seger,Sofia Jakobsson,Hanna Bennison
sport,Vem var förbundskapten för Sverige i EM 1992?,Tommy Svensson,Olle Nordin,Lars Lagerbäck,Roy Hodgson
sport,Vem gjorde Sveriges mål mot Paraguay i VM 2006?,Fredrik Ljungberg,Zlatan Ibrahimović,Henrik Larsson,Marcus Allbäck
sport,Vem var Sveriges lagkapten när de vann OS-guld 1948?,Erik Nilsson,Nils Liedholm,Gunnar Gren,Kalle Svensson
sport,Hur många gånger har Sverige gått till semifinal i damernas VM?,4,3,2,1
sport,Vilka lag slog Sverige ut på väg till EM-finalen 1992?,Danmark & Frankrike,Frankrike & England,Holland & Tyskland,Italien & Belgien
sport,Vem var Sveriges förbundskapten på herrsidan 2018?,Janne Andersson,Erik Hamrén,Lars Lagerbäck,Olle Nordin
sport,Vem gjorde Sveriges mål i premiären mot Sydkorea i VM 2018?,Andreas Granqvist,Marcus Berg,Emil Forsberg,Viktor Claesson
sport,Vem var Sveriges förbundskapten när damlandslaget tog OS-silver 2016?,Pia Sundhage,Peter Gerhardsson,Gunilla Paijkull,Thomas Dennerby
sport,Vem blev utsedd till Sveriges bästa spelare i EM 2004?,Zlatan Ibrahimović,Henrik Larsson,Anders Svensson,Andreas Isaksson
sport,Vem gjorde kvitteringsmålet med klacken mot Italien i EM 2004?,Zlatan Ibrahimović,Anders Svensson,Olof Mellberg,Henrik Larsson
sport,Hur många mål släppte Sverige in i VM 1994?,8,6,9,7
sport,Vem gjorde Sveriges mål mot Ryssland i EM 2008?,Zlatan Ibrahimović,Henrik Larsson,Kim Källström,Marcus Allbäck
sport,Vem var Sveriges målvakt i EM 1992?,Thomas Ravelli,Kalle Svensson,Magnus Hedman,Lars Eriksson
sport,Vem blev Sveriges främste målskytt i VM 1958?,Agne Simonsson,Kurt Hamrin,Nils Liedholm,Gunnar Gren
sport,Vem gjorde Sveriges mål mot England i VM 2002?,Niclas Alexandersson,Henrik Larsson,Anders Svensson,Fredrik Ljungberg
sport,Hur många medaljer har Sverige i damernas VM fram till 2023?,4,3,2,5
sport,Vem gjorde det avgörande målet mot Spanien i EM 1992?,Thomas Brolin,Kennet Andersson,Martin Dahlin,Jocke Björklund
sport,Vem gjorde Sveriges mål i förlustmatchen mot Nederländerna i EM 2013?,Lotja Schelin,Caroline Seger,Johanna Almgren,Sofia Jakobsson
sport,Vem var Sveriges målvakt i bronsmatchen i damernas VM 2019?,Hedvig Lindahl,Sofia Nilsson,Jennifer Falk,Zecira Mus
